username,ip_address,country,city,login_time,status
alice,192.168.1.10,India,Chennai,2026-03-06 09:10:21,Success
alice,192.168.1.10,India,Chennai,2026-03-06 09:12:10,Failed
alice,192.168.1.10,India,Chennai,2026-03-06 09:13:11,Failed
alice,192.168.1.10,India,Chennai,2026-03-06 09:14:15,Failed
alice,192.168.1.10,India,Chennai,2026-03-06 09:15:02,Failed
alice,192.168.1.10,India,Chennai,2026-03-06 09:16:10,Failed
bob,103.45.66.12,Russia,Moscow,2026-03-06 10:05:33,Success
bob,210.98.45.21,China,Beijing,2026-03-06 10:08:10,Success
bob,103.45.66.12,Russia,Moscow,2026-03-06 10:10:01,Failed
bob,103.45.66.12,Russia,Moscow,2026-03-06 10:11:44,Failed
charlie,54.23.112.90,USA,New York,2026-03-06 11:20:18,Success
charlie,54.23.112.90,USA,New York,2026-03-06 11:21:15,Failed
charlie,54.23.112.90,USA,New York,2026-03-06 11:22:12,Failed
charlie,54.23.112.90,USA,New York,2026-03-06 11:23:01,Failed
david,185.220.101.45,Germany,Berlin,2026-03-06 02:15:10,Success
david,185.220.101.45,Germany,Berlin,2026-03-06 02:16:55,Failed
david,185.220.101.45,Germany,Berlin,2026-03-06 02:17:40,Failed
emma,122.178.34.90,India,Delhi,2026-03-06 14:02:10,Success
emma,122.178.34.90,India,Delhi,2026-03-06 14:03:20,Success
frank,203.0.113.45,Nigeria,Lagos,2026-03-06 03:10:05,Failed
frank,203.0.113.45,Nigeria,Lagos,2026-03-06 03:11:10,Failed
frank,203.0.113.45,Nigeria,Lagos,2026-03-06 03:12:15,Failed
frank,203.0.113.45,Nigeria,Lagos,2026-03-06 03:13:20,Failed
grace,45.67.89.10,UK,London,2026-03-06 12:00:01,Success
grace,45.67.89.10,UK,London,2026-03-06 12:01:22,Success
grace,45.67.89.10,UK,London,2026-03-06 12:02:30,Failed
harry,98.134.22.45,USA,Chicago,2026-03-06 15:12:11,Success
harry,98.134.22.45,USA,Chicago,2026-03-06 15:13:14,Success
harry,98.134.22.45,USA,Chicago,2026-03-06 15:14:21,Failed
irene,77.12.45.90,France,Paris,2026-03-06 16:01:05,Success
irene,77.12.45.90,France,Paris,2026-03-06 16:03:10,Success
jack,201.34.56.78,Brazil,Sao Paulo,2026-03-06 17:10:11,Success
jack,201.34.56.78,Brazil,Sao Paulo,2026-03-06 17:11:13,Failed
jack,201.34.56.78,Brazil,Sao Paulo,2026-03-06 17:12:17,Failed
kate,150.67.89.101,Japan,Tokyo,2026-03-06 18:05:12,Success
kate,150.67.89.101,Japan,Tokyo,2026-03-06 18:07:22,Success
leo,61.45.78.90,India,Mumbai,2026-03-06 19:01:14,Success
leo,61.45.78.90,India,Mumbai,2026-03-06 19:02:10,Failed
mia,77.88.99.10,Russia,St Petersburg,2026-03-06 20:10:10,Success
mia,77.88.99.10,Russia,St Petersburg,2026-03-06 20:12:12,Success
nick,189.23.45.67,Mexico,Mexico City,2026-03-06 21:01:02,Success
nick,189.23.45.67,Mexico,Mexico City,2026-03-06 21:02:05,Failed
olivia,120.45.67.89,India,Bangalore,2026-03-06 22:10:10,Success
olivia,120.45.67.89,India,Bangalore,2026-03-06 22:12:12,Success
paul,98.76.54.32,USA,San Francisco,2026-03-06 23:01:03,Success
paul,98.76.54.32,USA,San Francisco,2026-03-06 23:02:04,Failed
quinn,200.11.22.33,Canada,Toronto,2026-03-06 09:01:02,Success
quinn,200.11.22.33,Canada,Toronto,2026-03-06 09:03:04,Success
rachel,170.23.45.89,Germany,Hamburg,2026-03-06 10:01:05,Success
rachel,170.23.45.89,Germany,Hamburg,2026-03-06 10:03:07,Failed
sam,65.23.11.90,USA,Seattle,2026-03-06 11:10:10,Success
sam,65.23.11.90,USA,Seattle,2026-03-06 11:12:12,Failed
tina,78.56.34.22,Italy,Rome,2026-03-06 12:20:14,Success
tina,78.56.34.22,Italy,Rome,2026-03-06 12:21:18,Success
uma,140.89.23.45,India,Hyderabad,2026-03-06 13:11:22,Success
uma,140.89.23.45,India,Hyderabad,2026-03-06 13:13:25,Failed
victor,188.45.23.11,Spain,Madrid,2026-03-06 14:01:02,Success
victor,188.45.23.11,Spain,Madrid,2026-03-06 14:02:03,Failed
will,176.89.45.12,UK,Manchester,2026-03-06 15:11:22,Success
will,176.89.45.12,UK,Manchester,2026-03-06 15:13:24,Success
xavier,89.45.23.10,Germany,Frankfurt,2026-03-06 16:10:10,Success
xavier,89.45.23.10,Germany,Frankfurt,2026-03-06 16:11:11,Failed
yara,45.67.22.11,UAE,Dubai,2026-03-06 17:01:01,Success
yara,45.67.22.11,UAE,Dubai,2026-03-06 17:02:03,Success
zane,210.45.67.90,Singapore,Singapore,2026-03-06 18:05:06,Success
zane,210.45.67.90,Singapore,Singapore,2026-03-06 18:07:08,Failed
sankar,122.166.10.20,India,Chennai,2026-03-06 08:30:00,Success
sankar,54.23.112.90,USA,New York,2026-03-06 08:35:00,Success
sankar,54.23.112.90,USA,New York,2026-03-06 08:36:12,Failed
alice,192.168.1.10,India,Chennai,2026-03-06 20:00:00,Success
alice,77.12.45.90,France,Paris,2026-03-06 20:04:30,Success
david,185.220.101.45,Germany,Berlin,2026-03-06 06:00:00,Success
david,61.45.78.90,India,Mumbai,2026-03-06 06:08:00,Failed
admin,::1,Local,Localhost,2026-03-07 01:53:33,Failed
admin,185.220.101.45,Germany,Berlin,2026-03-07 01:55:12,Failed
alice,98.12.44.201,USA,New York,2026-03-06 09:15:45,Success
bob,67.188.200.33,USA,San Francisco,2026-03-06 10:22:10,Success
emma,103.23.45.99,Japan,Tokyo,2026-03-06 14:09:31,Success
sankar,122.165.44.21,India,Chennai,2026-03-07 10:12:00,Success
sankar,54.80.11.33,USA,New York,2026-03-07 10:17:00,Success
alice,82.44.12.90,UK,London,2026-03-06 09:25:00,Success
